<?xml version="1.0" encoding="UTF-8"?>
<project-private xmlns="http://www.netbeans.org/ns/project-private/1">
    <editor-bookmarks xmlns="http://www.netbeans.org/ns/editor-bookmarks/2" lastBookmarkId="0"/>
    <open-files xmlns="http://www.netbeans.org/ns/projectui-open-files/2">
        <group>
            <file>file:/E:/semester%206/Computer%20Graphics/project/project/src/org/graphics/Render.java</file>
            <file>file:/E:/semester%206/Computer%20Graphics/project/project/src/org/input/MouseInput.java</file>
            <file>file:/E:/semester%206/Computer%20Graphics/project/project/src/org/resources/ImageResource.java</file>
            <file>file:/E:/semester%206/Computer%20Graphics/project/project/src/org/graphics/Graphics.java</file>
            <file>file:/E:/semester%206/Computer%20Graphics/project/project/src/org/input/KeyInput.java</file>
            <file>file:/E:/semester%206/Computer%20Graphics/project/project/src/org/graphics/EventListener.java</file>
        </group>
    </open-files>
</project-private>
